id   ,email_address                       ,first_name      ,last_name
1    ,esmooth0@infoseek.co.jp             ,Evangeline      ,Smooth
2    ,cughelli1@mysql.com                 ,Claudian        ,Ughelli
3    ,ckillock2@ted.com                   ,Carolyne        ,Killock
4    ,frothery3@apache.org                ,Fielding        ,Rothery
5    ,btytterton4@epa.gov                 ,Barbi           ,Tytterton
6    ,rbewshire5@columbia.edu             ,Rodrigo         ,Bewshire
7    ,lrobez6@redcross.org                ,Ludovico        ,Robez
8    ,mreidshaw7@instagram.com            ,Merrile         ,Reidshaw
9    ,gjurczik8@twitter.com               ,Georg           ,Jurczik
10   ,rtretter9@epa.gov                   ,Rhodia          ,Tretter
11   ,kbartia@odnoklassniki.ru            ,Keene           ,Barti
12   ,ljanczewskib@indiatimes.com         ,Linn            ,Janczewski
13   ,lfrankemac@ibm.com                  ,Lolly           ,Frankema
14   ,viddonsd@ovh.net                    ,Victor          ,Iddons
15   ,tpedrie@creativecommons.org         ,Tome            ,Pedri
16   ,sjoiceyf@google.pl                  ,Skell           ,Joicey
17   ,ppurchaseg@vimeo.com                ,Perl            ,Purchase
18   ,cmalthouseh@globo.com               ,Cari            ,Malthouse
19   ,htonbyei@umich.edu                  ,Horacio         ,Tonbye
20   ,rtidyj@sphinn.com                   ,Raddie          ,Tidy
21   ,mklimschk@columbia.edu              ,Meryl           ,Klimsch
22   ,mskeltonl@blinklist.com             ,Madlen          ,Skelton
23   ,njoronm@timesonline.co.uk           ,Nikos           ,Joron
24   ,ztandyn@zdnet.com                   ,Zachariah       ,Tandy
25   ,svasilyonoko@skype.com              ,Stevie          ,Vasilyonok
26   ,aobinp@xinhuanet.com                ,Ada             ,Obin
27   ,nmackissackq@princeton.edu          ,North           ,MacKissack
28   ,gissakovr@webnode.com               ,Gelya           ,Issakov
29   ,mguts@utexas.edu                    ,Maribelle       ,Gut
30   ,dkoberat@tumblr.com                 ,Danna           ,Kobera
31   ,ndicheu@wordpress.com               ,Nathalie        ,Diche
32   ,lgathercoalv@fda.gov                ,Lilah           ,Gathercoal
33   ,ddifrancescow@discuz.net            ,Dorris          ,Di Francesco
34   ,jdyersx@github.com                  ,Jorrie          ,Dyers
35   ,bgemletty@psu.edu                   ,Brynn           ,Gemlett
36   ,dansteyz@fema.gov                   ,Delora          ,Anstey
37   ,cwickwar10@skype.com                ,Chelsey         ,Wickwar
38   ,lpomeroy11@jugem.jp                 ,Luke            ,Pomeroy
39   ,pricciardiello12@loc.gov            ,Phip            ,Ricciardiello
40   ,aterrey13@tinyurl.com               ,Ashley          ,Terrey
41   ,pestable14@home.pl                  ,Pietra          ,Estable
42   ,kchadburn15@csmonitor.com           ,Klement         ,Chadburn
43   ,cjonke16@wsj.com                    ,Celestia        ,Jonke
44   ,smusson17@yahoo.co.jp               ,Sidonia         ,Musson
45   ,dgatecliffe18@mashable.com          ,Drucie          ,Gatecliffe
46   ,rdopson19@hud.gov                   ,Roley           ,Dopson
47   ,llezemore1a@merriam-webster.com     ,Loreen          ,Lezemore
48   ,lkivelle1b@npr.org                  ,Leroy           ,Kivelle
49   ,rgrosvenor1c@fda.gov                ,Rubia           ,Grosvenor
50   ,sstledger1d@dot.gov                 ,Shandy          ,St. Ledger
51   ,lharly1e@wix.com                    ,Latrina         ,Harly
52   ,bhammerstone1f@alibaba.com          ,Brandy          ,Hammerstone
53   ,vbenaine1g@feedburner.com           ,Vincenty        ,Benaine
54   ,pisaacs1h@lycos.com                 ,Patrizio        ,Isaacs
55   ,clamberts1i@webs.com                ,Cos             ,Lamberts
56   ,pwace1j@networksolutions.com        ,Peta            ,Wace
57   ,bskillicorn1k@businessweek.com      ,Batsheva        ,Skillicorn
58   ,rcleyne1l@facebook.com              ,Rhodia          ,Cleyne
59   ,hgarmanson1m@techcrunch.com         ,Helenka         ,Garmanson
60   ,glashmore1n@reddit.com              ,Gabriell        ,Lashmore
61   ,ajedrzejewsky1o@amazon.com          ,Annemarie       ,Jedrzejewsky
62   ,gferrer1p@amazonaws.com             ,Giralda         ,Ferrer
63   ,tdulieu1q@unesco.org                ,Tomaso          ,Dulieu
64   ,dasprey1r@typepad.com               ,Daisy           ,Asprey
65   ,dslowgrove1s@home.pl                ,Daniele         ,Slowgrove
66   ,ahigginbottam1t@domainmarket.com    ,Alanah          ,Higginbottam
67   ,cbackman1u@cnn.com                  ,Calvin          ,Backman
68   ,rivashintsov1v@hatena.ne.jp         ,Reid            ,Ivashintsov
69   ,msomerlie1w@psu.edu                 ,Maighdiln       ,Somerlie
70   ,jcouvet1x@yolasite.com              ,Jacobo          ,Couvet
71   ,mcragoe1y@chronoengine.com          ,Myranda         ,Cragoe
72   ,dwrathmall1z@smugmug.com            ,Daryle          ,Wrathmall
73   ,hmaseyk20@vk.com                    ,Hyacintha       ,Maseyk
74   ,kcolrein21@dmoz.org                 ,Katha           ,Colrein
75   ,glynnett22@ifeng.com                ,Gregor          ,Lynnett
76   ,bdoughtery23@who.int                ,Brewster        ,Doughtery
77   ,griddler24@wufoo.com                ,Gypsy           ,Riddler
78   ,jalliston25@simplemachines.org      ,Juditha         ,Alliston
79   ,arounce26@princeton.edu             ,Ase             ,Rounce
80   ,cbrearton27@1688.com                ,Casey           ,Brearton
81   ,kpoundsford28@desdev.cn             ,Kerby           ,Poundsford
82   ,aforsdicke29@over-blog.com          ,Adelina         ,Forsdicke
83   ,lhodges2a@tuttocitta.it             ,Linet           ,Hodges
84   ,dkellet2b@cbsnews.com               ,Donnie          ,Kellet
85   ,rpalumbo2c@nasa.gov                 ,Rudie           ,Palumbo
86   ,hlahive2d@histats.com               ,Harriett        ,Lahive
87   ,mpelchat2e@hugedomains.com          ,Mathilde        ,Pelchat
88   ,jpassler2f@facebook.com             ,Jada            ,Passler
89   ,lhollebon2g@utexas.edu              ,Leslie          ,Hollebon
90   ,dmatchett2h@businessweek.com        ,Debora          ,Matchett
91   ,dbartalini2i@sina.com.cn            ,Dania           ,Bartalini
92   ,gfrostdyke2j@cnet.com               ,Gloriana        ,Frostdyke
93   ,inewbury2k@china.com.cn             ,Iolanthe        ,Newbury
94   ,clindsey2l@meetup.com               ,Carlye          ,Lindsey
95   ,mdawnay2m@freewebs.com              ,Minetta         ,Dawnay
96   ,hgarratt2n@blogspot.com             ,Hazel           ,Garratt
97   ,ymegainey2o@oaic.gov.au             ,Yorke           ,Megainey
98   ,gstranahan2p@upenn.edu              ,Gearard         ,Stranahan
99   ,toyley2q@artisteer.com              ,Teena           ,Oyley
100  ,bsparsholt2r@walmart.com            ,Byrle           ,Sparsholt
101  ,rcasbon2s@ycombinator.com           ,Ronica          ,Casbon
102  ,apatient2t@archive.org              ,Alexander       ,Patient
103  ,dsignore2u@mapquest.com             ,Dedra           ,Signore
104  ,jcheshir2v@unicef.org               ,Juliette        ,Cheshir
105  ,wabbitt2w@w3.org                    ,Weidar          ,Abbitt
106  ,gosbidston2x@smh.com.au             ,Galven          ,Osbidston
107  ,rmaidlow2y@blog.com                 ,Robert          ,Maidlow
108  ,cmounch2z@joomla.org                ,Cedric          ,Mounch
109  ,cburgett30@stumbleupon.com          ,Cindelyn        ,Burgett
110  ,lgowans31@state.tx.us               ,Leontyne        ,Gowans
111  ,pmontilla32@cbslocal.com            ,Pepillo         ,Montilla
112  ,mkillingworth33@imageshack.us       ,Mollie          ,Killingworth
113  ,nranyell34@phoca.cz                 ,Norina          ,Ranyell
114  ,cstreeter35@chicagotribune.com      ,Carolina        ,Streeter
115  ,lguiver36@free.fr                   ,Linn            ,Guiver
116  ,drentcome37@columbia.edu            ,Dario           ,Rentcome
117  ,dlamplough38@google.com.hk          ,Dane            ,Lamplough
118  ,hcourtman39@github.io               ,Helen-elizabeth ,Courtman
119  ,dmackim3a@ihg.com                   ,Daisie          ,MacKim
120  ,cvasishchev3b@google.com.hk         ,Cara            ,Vasishchev
121  ,bcalvert3c@omniture.com             ,Bette-ann       ,Calvert
122  ,griste3d@prweb.com                  ,Gorden          ,Riste
123  ,avasilechko3e@dailymotion.com       ,Anna-diane      ,Vasilechko
124  ,rhodgin3f@sogou.com                 ,Ralph           ,Hodgin
125  ,clympenie3g@bloglines.com           ,Chandler        ,Lympenie
126  ,cdarrow3h@amazonaws.com             ,Cesar           ,Darrow
127  ,lbrettoner3i@netlog.com             ,Lara            ,Brettoner
128  ,lferrolli3j@webs.com                ,Leonore         ,Ferrolli
129  ,schislett3k@goo.ne.jp               ,Sigismondo      ,Chislett
130  ,bglencorse3l@shinystat.com          ,Bren            ,Glencorse
131  ,pgilpin3m@slate.com                 ,Patrica         ,Gilpin
132  ,edarth3n@washingtonpost.com         ,Ely             ,Darth
133  ,brupprecht3o@paypal.com             ,Breanne         ,Rupprecht
134  ,sgreenalf3p@google.com.br           ,Shellie         ,Greenalf
135  ,lgabbot3q@miibeian.gov.cn           ,Lammond         ,Gabbot
136  ,jmoreman3r@cyberchimps.com          ,Jodi            ,Moreman
137  ,rspadoni3s@ibm.com                  ,Regan           ,Spadoni
138  ,bbasden3t@seesaa.net                ,Bari            ,Basden
139  ,lblackston3u@shutterfly.com         ,Lonna           ,Blackston
140  ,ssawyer3v@wisc.edu                  ,Stepha          ,Sawyer
141  ,tjewett3w@goo.ne.jp                 ,Tedra           ,Jewett
142  ,hmeaney3x@imdb.com                  ,Harbert         ,Meaney
143  ,ifawckner3y@timesonline.co.uk       ,Ingeberg        ,Fawckner
144  ,jblasi3z@altervista.org             ,Jerome          ,Blasi
145  ,rgillyatt40@tamu.edu                ,Reginald        ,Gillyatt
146  ,mproctor41@usnews.com               ,Marve           ,Proctor
147  ,eworrell42@google.de                ,Ephraim         ,Worrell
148  ,pdalgardno43@cbslocal.com           ,Paxton          ,Dalgardno
149  ,khenrionot44@1688.com               ,Kerr            ,Henrionot
150  ,rbenger45@samsung.com               ,Robin           ,Benger
151  ,rnutbean46@yahoo.com                ,Rodger          ,Nutbean
152  ,rwickendon47@wired.com              ,Raphaela        ,Wickendon
153  ,fskae48@google.ru                   ,Flss            ,Skae
154  ,jkeir49@mediafire.com               ,Janelle         ,Keir
155  ,mphipson4a@tiny.cc                  ,Marian          ,Phipson
156  ,bheintz4b@slideshare.net            ,Bogart          ,Heintz
157  ,hkosel4c@webnode.com                ,Holt            ,Kosel
158  ,dmeasures4d@apple.com               ,Daren           ,Measures
159  ,dyon4e@noaa.gov                     ,Duky            ,Yon
160  ,iverny4f@constantcontact.com        ,Isadore         ,Verny
161  ,lspadelli4g@mtv.com                 ,Luce            ,Spadelli
162  ,cluetchford4h@fotki.com             ,Corliss         ,Luetchford
163  ,bkilban4i@theglobeandmail.com       ,Buckie          ,Kilban
164  ,candre4j@posterous.com              ,Coop            ,Andre
165  ,fcassels4k@miitbeian.gov.cn         ,Flory           ,Cassels
166  ,mraiston4l@biglobe.ne.jp            ,Marv            ,Raiston
167  ,lmeaker4m@prweb.com                 ,Lorrie          ,Meaker
168  ,nshrubb4n@tuttocitta.it             ,Nisse           ,Shrubb
169  ,gseivwright4o@mapquest.com          ,Gay             ,Seivwright
170  ,yboys4p@youtu.be                    ,Yale            ,Boys
171  ,pschulkins4q@china.com.cn           ,Perry           ,Schulkins
172  ,bnorris4r@army.mil                  ,Blanch          ,Norris
173  ,warmytage4s@free.fr                 ,Wittie          ,Armytage
174  ,mdiver4t@multiply.com               ,Marcel          ,Diver
175  ,gwardesworth4u@w3.org               ,Gaylord         ,Wardesworth
176  ,gchastney4v@smh.com.au              ,Gertie          ,Chastney
177  ,vvaissiere4w@dion.ne.jp             ,Vi              ,Vaissiere
178  ,mstebles4x@adobe.com                ,Mendy           ,Stebles
179  ,kgildersleeve4y@lycos.com           ,Kristoforo      ,Gildersleeve
180  ,bmathwen4z@photobucket.com          ,Bowie           ,Mathwen
181  ,ilattey50@usatoday.com              ,Ignacius        ,Lattey
182  ,rblowfield51@theglobeandmail.com    ,Rochell         ,Blowfield
183  ,mantonov52@desdev.cn                ,Mallory         ,Antonov
184  ,ekissock53@economist.com            ,Edie            ,Kissock
185  ,furey54@mozilla.org                 ,Fritz           ,Urey
186  ,rkimmins55@google.pl                ,Rem             ,Kimmins
187  ,ahutsby56@nba.com                   ,Amery           ,Hutsby
188  ,mfennelly57@sphinn.com              ,Myrilla         ,Fennelly
189  ,ceby58@blog.com                     ,Clarance        ,Eby
190  ,nhargreave59@cpanel.net             ,Nichole         ,Hargreave
191  ,sakenhead5a@goo.ne.jp               ,Saunders        ,Akenhead
192  ,jjeanet5b@ihg.com                   ,Joceline        ,Jeanet
193  ,dbrammer5c@spotify.com              ,Dominique       ,Brammer
194  ,mblaby5d@answers.com                ,Midge           ,Blaby
195  ,zbeavon5e@mozilla.com               ,Zak             ,Beavon
196  ,nsauvan5f@latimes.com               ,Niven           ,Sauvan
197  ,mmcginnis5g@ask.com                 ,Mercy           ,McGinnis
198  ,gredbourn5h@utexas.edu              ,Gabi            ,Redbourn
199  ,lcarding5i@aboutads.info            ,Leesa           ,Carding
200  ,rmoggan5j@paginegialle.it           ,Renae           ,Moggan
201  ,creddecliffe5k@51.la                ,Calhoun         ,Reddecliffe
202  ,sellingham5l@yale.edu               ,Shirleen        ,Ellingham
203  ,jmccrudden5m@ucla.edu               ,Jens            ,McCrudden
204  ,cmenichini5n@twitpic.com            ,Charmine        ,Menichini
205  ,mlomath5o@etsy.com                  ,Mari            ,Lomath
206  ,lmolines5p@surveymonkey.com         ,Leda            ,Molines
207  ,aidney5q@domainmarket.com           ,Algernon        ,Idney
208  ,ahamber5r@sun.com                   ,Alberik         ,Hamber
209  ,etchir5s@google.ru                  ,Evangelin       ,Tchir
210  ,kstendell5t@cornell.edu             ,Kiersten        ,Stendell
211  ,wfenners5u@imdb.com                 ,Waneta          ,Fenners
212  ,efreemantle5v@wikispaces.com        ,Eustace         ,Freemantle
213  ,dhaughian5w@wisc.edu                ,Duky            ,Haughian
214  ,hjanouch5x@51.la                    ,Hamel           ,Janouch
215  ,aphilliphs5y@mail.ru                ,Annette         ,Philliphs
216  ,bgerrell5z@samsung.com              ,Benton          ,Gerrell
217  ,lfrantzeni60@home.pl                ,Loleta          ,Frantzeni
218  ,sglanders61@senate.gov              ,Sayre           ,Glanders
219  ,ufyers62@oakley.com                 ,Ulick           ,Fyers
220  ,jmurkus63@netlog.com                ,Juditha         ,Murkus
221  ,jmanthroppe64@google.it             ,Judon           ,Manthroppe
222  ,gcaskey65@ibm.com                   ,Genvieve        ,Caskey
223  ,gbrayley66@dedecms.com              ,Geri            ,Brayley
224  ,adugall67@alibaba.com               ,Ardeen          ,Dugall
225  ,foran68@cornell.edu                 ,Florida         ,Oran
226  ,dfavey69@plala.or.jp                ,Decca           ,Favey
227  ,mbarrell6a@uiuc.edu                 ,Marius          ,Barrell
228  ,jmatej6b@amazonaws.com              ,Jewell          ,Matej
229  ,ddagless6c@geocities.jp             ,Dunc            ,Dagless
230  ,byankishin6d@ycombinator.com        ,Brew            ,Yankishin
231  ,vbillitteri6e@google.com.au         ,Vasili          ,Billitteri
232  ,cbanister6f@amazon.com              ,Clarine         ,Banister
233  ,kpierson6g@usatoday.com             ,Karolina        ,Pierson
234  ,mgerb6h@jalbum.net                  ,Marcelline      ,Gerb
235  ,ckirtland6i@hostgator.com           ,Clareta         ,Kirtland
236  ,rsleford6j@blog.com                 ,Ryan            ,Sleford
237  ,slindenberg6k@ox.ac.uk              ,Starlin         ,Lindenberg
238  ,tgalier6l@oracle.com                ,Terry           ,Galier
239  ,vtall6m@pbs.org                     ,Veronica        ,Tall
240  ,cokill6n@w3.org                     ,Colette         ,Okill
241  ,mmcgaw6o@yahoo.co.jp                ,Maryann         ,McGaw
242  ,mlanchester6p@usda.gov              ,Meade           ,Lanchester
243  ,hdyott6q@jigsy.com                  ,Honoria         ,Dyott
244  ,aglaves6r@hexun.com                 ,Andrej          ,Glaves
245  ,csuff6s@lulu.com                    ,Carolus         ,Suff
246  ,kperrington6t@wikispaces.com        ,Kevon           ,Perrington
247  ,gmizzi6u@goo.ne.jp                  ,Graig           ,Mizzi
248  ,blequesne6v@admin.ch                ,Bern            ,Le Quesne
249  ,jgallego6w@sphinn.com               ,Janel           ,Gallego
250  ,cogbourne6x@t.co                    ,Cale            ,Ogbourne
251  ,mborsnall6y@cbslocal.com            ,Marv            ,Borsnall
252  ,rshoosmith6z@loc.gov                ,Ruperta         ,Shoosmith
253  ,mdarque70@wsj.com                   ,Marshall        ,Darque
254  ,rredmire71@list-manage.com          ,Regen           ,Redmire
255  ,eivankovic72@jimdo.com              ,Ellene          ,Ivankovic
256  ,rbover73@statcounter.com            ,Romona          ,Bover
257  ,bfoulis74@exblog.jp                 ,Brenna          ,Foulis
258  ,lbehagg75@mapquest.com              ,Lisetta         ,Behagg
259  ,kbeebe76@about.com                  ,Karena          ,Beebe
260  ,shuson77@github.io                  ,Stillman        ,Huson
261  ,gthurgood78@wufoo.com               ,Geoff           ,Thurgood
262  ,ncampbelldunlop79@tiny.cc           ,Nellie          ,Campbell-Dunlop
263  ,ddegue7a@e-recht24.de               ,Dyna            ,Degue
264  ,bdraye7b@artisteer.com              ,Bartholomeus    ,Draye
265  ,dclemensen7c@patch.com              ,Dorothea        ,Clemensen
266  ,emueller7d@i2i.jp                   ,Ethelred        ,Mueller
267  ,kjessop7e@scribd.com                ,Krystalle       ,Jessop
268  ,kdorrance7f@prlog.org               ,Karlis          ,Dorrance
269  ,dmaplesden7g@storify.com            ,Dacey           ,Maplesden
270  ,cericsson7h@dailymotion.com         ,Catarina        ,Ericsson
271  ,jtante7i@youku.com                  ,Juliane         ,Tante
272  ,hmargetts7j@wikipedia.org           ,Hertha          ,Margetts
273  ,vsperrett7k@sakura.ne.jp            ,Vitoria         ,Sperrett
274  ,ggribbell7l@hud.gov                 ,Georgi          ,Gribbell
275  ,tcathee7m@reference.com             ,Torr            ,Cathee
276  ,lblakemore7n@sciencedaily.com       ,Laurella        ,Blakemore
277  ,apien7o@zdnet.com                   ,Averil          ,Pien
278  ,hcollick7p@php.net                  ,Harris          ,Collick
279  ,cferrucci7q@vk.com                  ,Claiborn        ,Ferrucci
280  ,kwendover7r@tamu.edu                ,Kerwin          ,Wendover
281  ,nlukock7s@washingtonpost.com        ,Neils           ,Lukock
282  ,rnajara7t@dot.gov                   ,Renaldo         ,Najara
283  ,sancliffe7u@live.com                ,Sharleen        ,Ancliffe
284  ,bmccafferky7v@economist.com         ,Benn            ,McCafferky
285  ,dhunnywell7w@whitehouse.gov         ,Dianemarie      ,Hunnywell
286  ,bdellenbrok7x@cbc.ca                ,Bruis           ,Dellenbrok
287  ,iyarrow7y@addtoany.com              ,Idalina         ,Yarrow
288  ,rbrackstone7z@smh.com.au            ,Rebecca         ,Brackstone
289  ,chollows80@goo.ne.jp                ,Courtnay        ,Hollows
290  ,hgullam81@uiuc.edu                  ,Herbert         ,Gullam
291  ,jbygrove82@nyu.edu                  ,Jorie           ,Bygrove
292  ,csibbson83@alibaba.com              ,Cissy           ,Sibbson
293  ,cericssen84@homestead.com           ,Corrianne       ,Ericssen
294  ,lattrey85@skyrock.com               ,Larisa          ,Attrey
295  ,sswannie86@nifty.com                ,Sheffy          ,Swannie
296  ,tdriutti87@eepurl.com               ,Tamar           ,Driutti
297  ,bfoulsham88@joomla.org              ,Byrann          ,Foulsham
298  ,falforde89@instagram.com            ,Fredrick        ,Alforde
299  ,uevens8a@kickstarter.com            ,Ursulina        ,Evens
300  ,dcockrill8b@google.com.au           ,Danielle        ,Cockrill
301  ,bsmickle8c@flavors.me               ,Brandea         ,Smickle
302  ,dateggart8d@technorati.com          ,Davita          ,Ateggart
303  ,ssilcock8e@purevolume.com           ,Sinclair        ,Silcock
304  ,asmorfit8f@booking.com              ,Aeriel          ,Smorfit
305  ,tchasen8g@a8.net                    ,Thorin          ,Chasen
306  ,dgladdifh8h@yellowpages.com         ,Dorris          ,Gladdifh
307  ,emclaughlin8i@cocolog-nifty.com     ,Errol           ,McLaughlin
308  ,ospoward8j@discuz.net               ,Opal            ,Spoward
309  ,fferrone8k@uiuc.edu                 ,Friedrich       ,Ferrone
310  ,mpodd8l@printfriendly.com           ,Murial          ,Podd
311  ,imoatt8m@instagram.com              ,Ivette          ,Moatt
312  ,mderdes8n@hugedomains.com           ,Mercy           ,Derdes
313  ,lstegers8o@meetup.com               ,Leontine        ,Stegers
314  ,ofarfalameev8p@yellowpages.com      ,Oralee          ,Farfalameev
315  ,dworsalls8q@spiegel.de              ,Donny           ,Worsalls
316  ,stennant8r@illinois.edu             ,Sutherland      ,Tennant
317  ,mbarling8s@china.com.cn             ,Malina          ,Barling
318  ,jdonaghy8t@harvard.edu              ,Jillane         ,Donaghy
319  ,agrcic8u@baidu.com                  ,Arnold          ,Grcic
320  ,eroebottom8v@furl.net               ,Eryn            ,Roebottom
321  ,ashambrooke8w@google.ca             ,Ansell          ,Shambrooke
322  ,cgapper8x@marketwatch.com           ,Carolina        ,Gapper
323  ,ralenichicov8y@boston.com           ,Red             ,Alenichicov
324  ,akirkby8z@cpanel.net                ,Antonella       ,Kirkby
325  ,ndoale90@ihg.com                    ,Nicolais        ,Doale
326  ,hrailton91@shinystat.com            ,Hersch          ,Railton
327  ,qspowart92@seattletimes.com         ,Quincy          ,Spowart
328  ,lhearfield93@oaic.gov.au            ,Lyndell         ,Hearfield
329  ,rrhymes94@dyndns.org                ,Rodger          ,Rhymes
330  ,rbows95@oaic.gov.au                 ,Rhiamon         ,Bows
331  ,tmcpheat96@github.io                ,Tracey          ,McPheat
332  ,xcamber97@google.com.br             ,Xerxes          ,Camber
333  ,fblazhevich98@wikimedia.org         ,Flor            ,Blazhevich
334  ,pvanyukov99@jimdo.com               ,Perla           ,Vanyukov
335  ,alecount9a@nsw.gov.au               ,Alia            ,Le Count
336  ,gconachie9b@yale.edu                ,Giovanni        ,Conachie
337  ,aingley9c@marketwatch.com           ,Anica           ,Ingley
338  ,eneljes9d@ca.gov                    ,Elsey           ,Neljes
339  ,fdruce9e@altervista.org             ,Florette        ,Druce
340  ,dwhitten9f@mapquest.com             ,Daloris         ,Whitten
341  ,gstammers9g@usatoday.com            ,Gwendolyn       ,Stammers
342  ,gvarney9h@ehow.com                  ,Gray            ,Varney
343  ,gfoye9i@blogger.com                 ,Giffer          ,Foye
344  ,atynan9j@yellowpages.com            ,Andie           ,Tynan
345  ,hsacco9k@phpbb.com                  ,Hillary         ,Sacco
346  ,pcringle9l@photobucket.com          ,Pincus          ,Cringle
347  ,fsherme9m@adobe.com                 ,Florian         ,Sherme
348  ,earens9n@ycombinator.com            ,Esme            ,Arens
349  ,bhasted9o@stumbleupon.com           ,Butch           ,Hasted
350  ,mbrede9p@digg.com                   ,Miller          ,Brede
351  ,bhasson9q@google.com.au             ,Benjamin        ,Hasson
352  ,rasbrey9r@blinklist.com             ,Raff            ,Asbrey
353  ,emccullock9s@geocities.com          ,Elsinore        ,McCullock
354  ,zrickell9t@marketwatch.com          ,Zebedee         ,Rickell
355  ,labbes9u@mac.com                    ,Leontine        ,Abbes
356  ,ceastwell9v@mapy.cz                 ,Cele            ,Eastwell
357  ,ljarmain9w@google.co.jp             ,Lorrie          ,Jarmain
358  ,bhakonsen9x@com.com                 ,Brooke          ,Hakonsen
359  ,ebereford9y@europa.eu               ,Elora           ,Bereford
360  ,jsalling9z@youku.com                ,Jacobo          ,Salling
361  ,rcookesa0@issuu.com                 ,Rodina          ,Cookes
362  ,sganforthea1@hostgator.com          ,Saidee          ,Ganforthe
363  ,jgepsona2@spiegel.de                ,Jory            ,Gepson
364  ,dsloana3@chron.com                  ,Dyann           ,Sloan
365  ,eyegoreva4@netlog.com               ,Ewart           ,Yegorev
366  ,bmeachema5@dion.ne.jp               ,Bianka          ,Meachem
367  ,cdingivana6@furl.net                ,Carmon          ,Dingivan
368  ,lroderigoa7@tripod.com              ,Lise            ,Roderigo
369  ,pobriana8@meetup.com                ,Pate            ,O' Brian
370  ,mkellarta9@histats.com              ,Moshe           ,Kellart
371  ,gbrikneraa@walmart.com              ,Godiva          ,Brikner
372  ,tmccrostieab@51.la                  ,Timmie          ,McCrostie
373  ,ewoehlerac@xinhuanet.com            ,Ellynn          ,Woehler
374  ,ribertad@parallels.com              ,Rheba           ,Ibert
375  ,gsircombeae@csmonitor.com           ,Gabi            ,Sircombe
376  ,smccandieaf@pbs.org                 ,Stella          ,McCandie
377  ,ckohringag@walmart.com              ,Cristiano       ,Kohring
378  ,ichapellowah@loc.gov                ,Iormina         ,Chapellow
379  ,mpurtonai@ning.com                  ,Maribelle       ,Purton
380  ,dcorryaj@zimbio.com                 ,Doro            ,Corry
381  ,dsterteak@msu.edu                   ,Dave            ,Sterte
382  ,sgettingsal@google.ru               ,Stanislas       ,Gettings
383  ,ajeckellsam@eventbrite.com          ,Ambros          ,Jeckells
384  ,mhattiffan@acquirethisname.com      ,Myrtie          ,Hattiff
385  ,mmcalindonao@gnu.org                ,Morgan          ,McAlindon
386  ,dderocheap@aboutads.info            ,Daisie          ,Deroche
387  ,llanfareaq@whitehouse.gov           ,Lonnie          ,Lanfare
388  ,myosevitzar@cisco.com               ,Marlo           ,Yosevitz
389  ,tsantoraas@ox.ac.uk                 ,Toni            ,Santora
390  ,lvivienat@fc2.com                   ,Lissi           ,Vivien
391  ,jluceau@twitpic.com                 ,Jeth            ,Luce
392  ,mcamblinav@amazonaws.com            ,Massimiliano    ,Camblin
393  ,awitnallaw@yahoo.com                ,Anya            ,Witnall
394  ,smatieuax@issuu.com                 ,Stanfield       ,Matieu
395  ,ssilcockay@soundcloud.com           ,Sheffy          ,Silcock
396  ,ybernhardssonaz@nymag.com           ,Yurik           ,Bernhardsson
397  ,vtirteb0@phoca.cz                   ,Veronike        ,Tirte
398  ,oleacyb1@google.it                  ,Olivette        ,Leacy
399  ,bchattockb2@technorati.com          ,Barnabas        ,Chattock
400  ,ksteckingsb3@pagesperso-orange.fr   ,Kyla            ,Steckings
401  ,dbohdenb4@unesco.org                ,Dotti           ,Bohden
402  ,jdunckleyb5@51.la                   ,Jeffrey         ,Dunckley
403  ,ciannib6@slashdot.org               ,Cherie          ,Ianni
404  ,tbreemb7@plala.or.jp                ,Tonye           ,Breem
405  ,sswadonb8@blogs.com                 ,Sarine          ,Swadon
406  ,ghunstoneb9@auda.org.au             ,Gayla           ,Hunstone
407  ,hbardwallba@spiegel.de              ,Horatio         ,Bardwall
408  ,jlatchbb@is.gd                      ,Joshuah         ,Latch
409  ,krochellebc@pinterest.com           ,Korey           ,Rochelle
410  ,gkidnerbd@dmoz.org                  ,Genovera        ,Kidner
411  ,fsylvesterbe@netlog.com             ,Florinda        ,Sylvester
412  ,sburnistonbf@seesaa.net             ,Salomone        ,Burniston
413  ,gmcpheebg@privacy.gov.au            ,Garvey          ,McPhee
414  ,pcoopebh@mtv.com                    ,Pacorro         ,Coope
415  ,fiacomettiibi@redcross.org          ,Frasier         ,Iacomettii
416  ,ggalvinbj@ezinearticles.com         ,Georgetta       ,Galvin
417  ,hbaytropbk@dagondesign.com          ,Hank            ,Baytrop
418  ,cmyattbl@symantec.com               ,Clea            ,Myatt
419  ,cohagertybm@vk.com                  ,Caleb           ,O'Hagerty
420  ,ssarfatbn@chron.com                 ,Sindee          ,Sarfat
421  ,zopenshawbo@mit.edu                 ,Zorine          ,Openshaw
422  ,msiddelebp@businesswire.com         ,Milli           ,Siddele
423  ,llengbq@pbs.org                     ,Libbey          ,Leng
424  ,aboughtwoodbr@uiuc.edu              ,Adan            ,Boughtwood
425  ,aolverbs@so-net.ne.jp               ,Addia           ,Olver
426  ,pollanderbt@sbwire.com              ,Portia          ,Ollander
427  ,ematejabu@hc360.com                 ,Edee            ,Mateja
428  ,igymlettbv@techcrunch.com           ,Illa            ,Gymlett
429  ,emcmurtybw@theguardian.com          ,Erastus         ,McMurty
430  ,trosenaubx@arizona.edu              ,Tally           ,Rosenau
431  ,jpenningby@google.nl                ,Jabez           ,Penning
432  ,eabelsonbz@webnode.com              ,Estelle         ,Abelson
433  ,jbeckinsallc0@ehow.com              ,Jeffry          ,Beckinsall
434  ,jtailec1@nsw.gov.au                 ,Jamie           ,Taile
435  ,rstewartc2@dedecms.com              ,Rani            ,Stewart
436  ,cemblowc3@tamu.edu                  ,Conant          ,Emblow
437  ,jlismorec4@quantcast.com            ,Jocelin         ,Lismore
438  ,hcaselc5@canalblog.com              ,Hayward         ,Casel
439  ,adawidowitschc6@flavors.me          ,Amelia          ,Dawidowitsch
440  ,bkaindlc7@ifeng.com                 ,Barri           ,Kaindl
441  ,beliesc8@nifty.com                  ,Bessie          ,Elies
442  ,fborhamc9@seesaa.net                ,Frank           ,Borham
443  ,fsanbrookeca@mashable.com           ,Fancie          ,Sanbrooke
444  ,mdawbycb@zimbio.com                 ,Michaella       ,Dawby
445  ,mbartleycc@psu.edu                  ,Maxy            ,Bartley
446  ,dsturtcd@slate.com                  ,Dasha           ,Sturt
447  ,ofitkince@myspace.com               ,Obie            ,Fitkin
448  ,hcotelardcf@google.co.uk            ,Hort            ,Cotelard
449  ,bcarranecg@google.co.uk             ,Beaufort        ,Carrane
450  ,cderlech@walmart.com                ,Carlita         ,Derle
451  ,vpellewci@army.mil                  ,Vaughn          ,Pellew
452  ,awimscj@chicagotribune.com          ,Alexei          ,Wims
453  ,lswineck@sina.com.cn                ,Leland          ,Swine
454  ,ddormercl@wikia.com                 ,Daffi           ,Dormer
455  ,wlatescm@is.gd                      ,Waldemar        ,Lates
456  ,nluskcn@skyrock.com                 ,Ninette         ,Lusk
457  ,vstartonco@digg.com                 ,Virginie        ,Starton
458  ,kwarrencp@usnews.com                ,Kimbell         ,Warren
459  ,edomegancq@biglobe.ne.jp            ,Erena           ,Domegan
460  ,blouchcr@si.edu                     ,Bren            ,Louch
461  ,bdumbeltoncs@imgur.com              ,Babita          ,Dumbelton
462  ,wjerminct@pcworld.com               ,Wain            ,Jermin
463  ,jpedleycu@vimeo.com                 ,Jaquelyn        ,Pedley
464  ,sfuttercv@deviantart.com            ,Starlin         ,Futter
465  ,lswadlingecw@mozilla.org            ,Linnell         ,Swadlinge
466  ,hkerinscx@netvibes.com              ,Howey           ,Kerins
467  ,clynncy@foxnews.com                 ,Constancia      ,Lynn
468  ,tmasarratcz@exblog.jp               ,Tybalt          ,Masarrat
469  ,rdegliantonid0@elegantthemes.com    ,Ruthi           ,Degli Antoni
470  ,cjewised1@typepad.com               ,Caria           ,Jewise
471  ,lroddelld2@usatoday.com             ,Livvy           ,Roddell
472  ,eblodgd3@privacy.gov.au             ,Eb              ,Blodg
473  ,cbricklebankd4@cnet.com             ,Carmita         ,Bricklebank
474  ,tjoddensd5@businessinsider.com      ,Tiphany         ,Joddens
475  ,bkendald6@economist.com             ,Brina           ,Kendal
476  ,emcilvorayd7@etsy.com               ,Elissa          ,McIlvoray
477  ,atudballd8@latimes.com              ,Arman           ,Tudball
478  ,bwozencroftd9@bravesites.com        ,Batholomew      ,Wozencroft
479  ,llondingda@networksolutions.com     ,Lucina          ,Londing
480  ,tpoyledb@nature.com                 ,Tasia           ,Poyle
481  ,gsimoneschidc@theatlantic.com       ,Gilly           ,Simoneschi
482  ,mpietzdd@people.com.cn              ,Moreen          ,Pietz
483  ,plindenbluthde@tamu.edu             ,Perceval        ,Lindenbluth
484  ,dparkeydf@dagondesign.com           ,Donni           ,Parkey
485  ,nhuckdg@whitehouse.gov              ,Nate            ,Huck
486  ,jjeanetdh@arstechnica.com           ,Jeremie         ,Jeanet
487  ,nomarkeydi@npr.org                  ,Nonna           ,O' Markey
488  ,scrookshanksdj@live.com             ,Staford         ,Crookshanks
489  ,mtamblingdk@furl.net                ,Merill          ,Tambling
490  ,ldequinceydl@topsy.com              ,Lorilyn         ,de Quincey
491  ,jwoolanddm@devhub.com               ,Juana           ,Wooland
492  ,ebarracksdn@sun.com                 ,Eric            ,Barracks
493  ,bllewellydo@cpanel.net              ,Berkie          ,Llewelly
494  ,ksextidp@facebook.com               ,Kali            ,Sexti
495  ,wmoorhousedq@comsenz.com            ,Wald            ,Moorhouse
496  ,rfleadr@wunderground.com            ,Ravi            ,Flea
497  ,pwastallds@webnode.com              ,Phyllys         ,Wastall
498  ,mredwingdt@fastcompany.com          ,Magdalena       ,Redwing
499  ,lleonarddu@hubpages.com             ,Lynnett         ,Leonard
500  ,sormesdv@bing.com                   ,Shamus          ,Ormes
501  ,lfreynedw@bbb.org                   ,Lilah           ,Freyne
502  ,lcornbelldx@google.com.br           ,Lemmie          ,Cornbell
503  ,fsherrdy@jugem.jp                   ,Farlay          ,Sherr
504  ,eciccidz@netscape.com               ,Estel           ,Cicci
505  ,knowakowskie0@who.int               ,Kennedy         ,Nowakowski
506  ,iweeklye1@booking.com               ,Ileana          ,Weekly
507  ,lbanghame2@rakuten.co.jp            ,Lisle           ,Bangham
508  ,adearne3@wsj.com                    ,Alicea          ,Dearn
509  ,srowcliffee4@i2i.jp                 ,Shayne          ,Rowcliffe
510  ,raleixoe5@linkedin.com              ,Robinetta       ,Aleixo
511  ,amcdille6@vimeo.com                 ,Adan            ,McDill
512  ,rholtone7@ovh.net                   ,Russ            ,Holton
513  ,mdiniscoe8@usnews.com               ,Mord            ,Di Nisco
514  ,edarrele9@telegraph.co.uk           ,Elena           ,Darrel
515  ,chorbathea@loc.gov                  ,Cordey          ,Horbath
516  ,vszymanowskieb@patch.com            ,Virgie          ,Szymanowski
517  ,csporrijec@uol.com.br               ,Charmane        ,Sporrij
518  ,gmaudlinged@imageshack.us           ,Giffy           ,Maudling
519  ,neagleee@1688.com                   ,Nicolette       ,Eagle
520  ,fplettsef@i2i.jp                    ,Fowler          ,Pletts
521  ,achorleyeg@bloglovin.com            ,Alex            ,Chorley
522  ,afilipponieh@amazonaws.com          ,Aurthur         ,Filipponi
523  ,hdoumerqueei@netlog.com             ,Horatia         ,Doumerque
524  ,spullej@ucoz.ru                     ,Stanislas       ,Pull
525  ,studorek@yale.edu                   ,Shelby          ,Tudor
526  ,cricardetel@dion.ne.jp              ,Caspar          ,Ricardet
527  ,vgraylingem@rambler.ru              ,Vonnie          ,Grayling
528  ,cgeaneyen@cloudflare.com            ,Christoffer     ,Geaney
529  ,msecombeeo@dagondesign.com          ,Margaret        ,Secombe
530  ,nbendixenep@businessinsider.com     ,Nady            ,Bendixen
531  ,lwhittingtoneq@netlog.com           ,Loralee         ,Whittington
532  ,arobertaccier@homestead.com         ,Ange            ,Robertacci
533  ,bmettetales@state.tx.us             ,Blayne          ,Mettetal
534  ,cbatieet@irs.gov                    ,Cobbie          ,Batie
535  ,gdubarryeu@nba.com                  ,Gage            ,Dubarry
536  ,ubalfourev@cafepress.com            ,Udell           ,Balfour
537  ,vsnelgarew@chronoengine.com         ,Victor          ,Snelgar
538  ,emaffiniex@techcrunch.com           ,Etty            ,Maffini
539  ,htouseyey@google.co.jp              ,Hermann         ,Tousey
540  ,sarroez@goodreads.com               ,Sig             ,Arro
541  ,avollerf0@nsw.gov.au                ,Adaline         ,Voller
542  ,dbigadikef1@webmd.com               ,Dulcy           ,Bigadike
543  ,sbertolinf2@upenn.edu               ,Sylas           ,Bertolin
544  ,atubridyf3@globo.com                ,Allene          ,Tubridy
545  ,znoultonf4@virginia.edu             ,Zollie          ,Noulton
546  ,bbuggef5@gmpg.org                   ,Bobette         ,Bugge
547  ,rshillinglawf6@paginegialle.it      ,Rodrick         ,Shillinglaw
548  ,rcrosswaitef7@cbslocal.com          ,Rosie           ,Crosswaite
549  ,avasyutinf8@histats.com             ,Ardelia         ,Vasyutin
550  ,jnewcombf9@narod.ru                 ,Jobie           ,Newcomb
551  ,adavitashvilifa@vimeo.com           ,Ardelia         ,Davitashvili
552  ,lhullsfb@ihg.com                    ,Lloyd           ,Hulls
553  ,mmeneelyfc@uol.com.br               ,Monro           ,Meneely
554  ,zknolesfd@springer.com              ,Zora            ,Knoles
555  ,lmapholmfe@domainmarket.com         ,Lucien          ,Mapholm
556  ,ssherebrookeff@yellowpages.com      ,Somerset        ,Sherebrooke
557  ,sgirogettifg@networksolutions.com   ,Sadye           ,Girogetti
558  ,hvonasekfh@elpais.com               ,Hillary         ,Vonasek
559  ,bwheowallfi@prlog.org               ,Benedicta       ,Wheowall
560  ,vmcgriffinfj@cam.ac.uk              ,Vannie          ,McGriffin
561  ,apetrushkafk@indiatimes.com         ,Alli            ,Petrushka
562  ,rpetrulisfl@linkedin.com            ,Ronald          ,Petrulis
563  ,ferdelyfm@utexas.edu                ,Farrand         ,Erdely
564  ,apappifn@cnbc.com                   ,Adolf           ,Pappi
565  ,ppartletonfo@about.me               ,Padriac         ,Partleton
566  ,whalcrofp@shutterfly.com            ,Whitby          ,Halcro
567  ,mdeeblefq@wordpress.org             ,Melba           ,Deeble
568  ,odowgillfr@comsenz.com              ,Oates           ,Dowgill
569  ,wtenniswoodfs@indiatimes.com        ,Wait            ,Tenniswood
570  ,wsepeyft@thetimes.co.uk             ,Wells           ,Sepey
571  ,nclapisonfu@trellian.com            ,Normie          ,Clapison
572  ,jsirmanfv@i2i.jp                    ,Johann          ,Sirman
573  ,bedlingtonfw@51.la                  ,Beulah          ,Edlington
574  ,adurmanfx@howstuffworks.com         ,Anny            ,Durman
575  ,smacpikefy@ebay.co.uk               ,Sydney          ,MacPike
576  ,abaalfz@walmart.com                 ,Augusto         ,Baal
577  ,rhannyg0@oracle.com                 ,Robbi           ,Hanny
578  ,dmelloyg1@kickstarter.com           ,Darb            ,Melloy
579  ,hsibbetg2@marketwatch.com           ,Hamil           ,Sibbet
580  ,wjanotag3@gnu.org                   ,Whit            ,Janota
581  ,wswatteng4@constantcontact.com      ,Webster         ,Swatten
582  ,ltalksg5@themeforest.net            ,Lucas           ,Talks
583  ,cgisbyg6@about.com                  ,Carl            ,Gisby
584  ,mcallamg7@vistaprint.com            ,Moll            ,Callam
585  ,dchoppingg8@state.gov               ,Dion            ,Chopping
586  ,scocozzag9@usgs.gov                 ,Suzette         ,Cocozza
587  ,mrawlinga@free.fr                   ,Martica         ,Rawlin
588  ,chazeldinegb@mapy.cz                ,Cookie          ,Hazeldine
589  ,niacovacciogc@archive.org           ,Nevins          ,Iacovaccio
590  ,hoiliergd@guardian.co.uk            ,Harbert         ,OIlier
591  ,mmaccaheege@addthis.com             ,Michael         ,MacCahee
592  ,hjacqueminotgf@cam.ac.uk            ,Horatia         ,Jacqueminot
593  ,cthoresbygg@youtu.be                ,Curr            ,Thoresby
594  ,lyurchishingh@psu.edu               ,Lalo            ,Yurchishin
595  ,darthurgi@unicef.org                ,Devin           ,Arthur
596  ,tfretwellgj@discovery.com           ,Tedda           ,Fretwell
597  ,jdevenniegk@microsoft.com           ,Jennette        ,Devennie
598  ,klongleygl@wikia.com                ,Kit             ,Longley
599  ,hcheetamgm@reverbnation.com         ,Hernando        ,Cheetam
600  ,tbiaggiolign@cdbaby.com             ,Thibaud         ,Biaggioli
601  ,cconrego@liveinternet.ru            ,Clarance        ,Conre
602  ,tclorleygp@youku.com                ,Tessie          ,Clorley
603  ,mfriergq@yelp.com                   ,Mireielle       ,Frier
604  ,arennygr@webs.com                   ,Alta            ,Renny
605  ,apesicgs@canalblog.com              ,Adena           ,Pesic
606  ,bclipshamgt@webmd.com               ,Berta           ,Clipsham
607  ,gkilgannongu@cnet.com               ,Georgetta       ,Kilgannon
608  ,fjanochgv@nhs.uk                    ,Felisha         ,Janoch
609  ,kmealiffegw@dell.com                ,Katya           ,Mealiffe
610  ,rleethemgx@ihg.com                  ,Rowen           ,Leethem
611  ,cdossitgy@bandcamp.com              ,Cassie          ,Dossit
612  ,bwilkissongz@google.co.uk           ,Bartolemo       ,Wilkisson
613  ,galfonzoh0@rediff.com               ,Gene            ,Alfonzo
614  ,tduggaryh1@gov.uk                   ,Tallia          ,Duggary
615  ,mkastingh2@gizmodo.com              ,Mattias         ,Kasting
616  ,mtesseymanh3@house.gov              ,Monroe          ,Tesseyman
617  ,jmossonh4@cornell.edu               ,Jerrilyn        ,Mosson
618  ,lbaudassoh5@networkadvertising.org  ,Lenci           ,Baudasso
619  ,ofewkesh6@creativecommons.org       ,Opal            ,Fewkes
620  ,cvanderstraatenh7@rambler.ru        ,Cassandre       ,Van Der Straaten
621  ,hsikorah8@amazon.co.uk              ,Harriette       ,Sikora
622  ,tvitteryh9@altervista.org           ,Tremain         ,Vittery
623  ,mdenzeyha@hp.com                    ,Manda           ,Denzey
624  ,tforwardhb@accuweather.com          ,Tallulah        ,Forward
625  ,tglasscoohc@wired.com               ,Thomasin        ,Glasscoo
626  ,cthomtonhd@squarespace.com          ,Cassaundra      ,Thomton
627  ,cwealleanshe@purevolume.com         ,Carin           ,Wealleans
628  ,mbilfoothf@google.co.uk             ,Montague        ,Bilfoot
629  ,rmatousekhg@vistaprint.com          ,Rachelle        ,Matousek
630  ,equinceehh@purevolume.com           ,Emmeline        ,Quincee
631  ,dwesternhi@dropbox.com              ,Dolli           ,Western
632  ,ghinghj@dedecms.com                 ,Gilles          ,Hing
633  ,ccrucettihk@joomla.org              ,Carlin          ,Crucetti
634  ,zhowellshl@naver.com                ,Zsazsa          ,Howells
635  ,tmattshm@mediafire.com              ,Trent           ,Matts
636  ,conionhn@mapquest.com               ,Colman          ,Onion
637  ,singarfillho@apache.org             ,Sholom          ,Ingarfill
638  ,sspuffardhp@sciencedaily.com        ,Selene          ,Spuffard
639  ,rmaddickhq@g.co                     ,Rikki           ,Maddick
640  ,eaudenhr@dailymotion.com            ,Elston          ,Auden
641  ,lcaisleyhs@businessweek.com         ,Lorrie          ,Caisley
642  ,khakeyht@wunderground.com           ,Kaitlyn         ,Hakey
643  ,mcodahu@about.me                    ,Mandy           ,Coda
644  ,destickhv@php.net                   ,Diann           ,Estick
645  ,nkamenarhw@google.nl                ,Nariko          ,Kamenar
646  ,tgingelhx@goo.gl                    ,Tony            ,Gingel
647  ,dbustonhy@dell.com                  ,Delilah         ,Buston
648  ,dtrubshawehz@go.com                 ,Deanna          ,Trubshawe
649  ,gwhibleyi0@soundcloud.com           ,Gib             ,Whibley
650  ,bburgnei1@github.com                ,Bengt           ,Burgne
651  ,bboutwelli2@technorati.com          ,Barbe           ,Boutwell
652  ,avelasquezi3@engadget.com           ,Avril           ,Velasquez
653  ,gfailli4@china.com.cn               ,Gerrie          ,Faill
654  ,lbaileyi5@weibo.com                 ,Ladonna         ,Bailey
655  ,gbranni6@constantcontact.com        ,Gabriele        ,Brann
656  ,nnozzoliii7@uiuc.edu                ,Nonie           ,Nozzolii
657  ,rkinnairdi8@ucoz.ru                 ,Rebekah         ,Kinnaird
658  ,whawkswoodi9@jimdo.com              ,Witty           ,Hawkswood
659  ,bsmeuinia@statcounter.com           ,Biron           ,Smeuin
660  ,hchurchib@com.com                   ,Had             ,Church
661  ,vwernheric@ehow.com                 ,Vanya           ,Wernher
662  ,fshemwellid@bbb.org                 ,Filip           ,Shemwell
663  ,cbodegaie@ask.com                   ,Calley          ,Bodega
664  ,osainsberryif@mozilla.com           ,Orran           ,Sainsberry
665  ,ajephsonig@zdnet.com                ,Ailina          ,Jephson
666  ,hitzhaiekih@tripadvisor.com         ,Harland         ,Itzhaiek
667  ,acampagneii@nps.gov                 ,Andrej          ,Campagne
668  ,vjoneyij@1688.com                   ,Vassily         ,Joney
669  ,bbarrsik@de.vu                      ,Burt            ,Barrs
670  ,alillfordil@state.tx.us             ,Astrid          ,Lillford
671  ,hchamperlenim@hc360.com             ,Hobie           ,Champerlen
672  ,hdurdenin@hexun.com                 ,Hilly           ,Durden
673  ,mlaingmaidio@sitemeter.com          ,Mirabel         ,Laingmaid
674  ,tbehrip@last.fm                     ,Theodore        ,Behr
675  ,ekealiq@amazon.co.uk                ,Eldon           ,Keal
676  ,cfeldbergir@noaa.gov                ,Caro            ,Feldberg
677  ,imargachis@amazon.co.uk             ,Inger           ,Margach
678  ,bdriuzziit@admin.ch                 ,Batsheva        ,Driuzzi
679  ,lcanedoiu@japanpost.jp              ,Lianne          ,Canedo
680  ,bfevieriv@bizjournals.com           ,Bartlett        ,Fevier
681  ,stukelyiw@jigsy.com                 ,Stevena         ,Tukely
682  ,gairdix@yale.edu                    ,Gwenora         ,Aird
683  ,hklyneriy@hibu.com                  ,Hedda           ,Klyner
684  ,aswadoniz@princeton.edu             ,Alley           ,Swadon
685  ,ljumeauj0@clickbank.net             ,Leslie          ,Jumeau
686  ,sorchartj1@paginegialle.it          ,Shelbi          ,Orchart
687  ,wbarstockj2@adobe.com               ,Wylie           ,Barstock
688  ,hcrokej3@irs.gov                    ,Herculie        ,Croke
689  ,ktrembleyj4@twitpic.com             ,Koenraad        ,Trembley
690  ,josannej5@facebook.com              ,Joanne          ,Osanne
691  ,gurpethj6@deliciousdays.com         ,Gerti           ,Urpeth
692  ,hpauluzzij7@samsung.com             ,Hans            ,Pauluzzi
693  ,fmenilovej8@answers.com             ,Falkner         ,Menilove
694  ,rgeerlingj9@gov.uk                  ,Roth            ,Geerling
695  ,mfullagerja@tumblr.com              ,Mercie          ,Fullager
696  ,gratleyjb@symantec.com              ,Germain         ,Ratley
697  ,aeberleinjc@globo.com               ,Abigale         ,Eberlein
698  ,tgemellijd@psu.edu                  ,Temp            ,Gemelli
699  ,ecorrje@shinystat.com               ,Elladine        ,Corr
700  ,roharejf@networkadvertising.org     ,Reena           ,O'Hare
701  ,ybetjejg@jigsy.com                  ,Yuri            ,Betje
702  ,eknowllerjh@plala.or.jp             ,Edie            ,Knowller
703  ,mlyleji@vk.com                      ,Madalena        ,Lyle
704  ,kmenhenittjj@washingtonpost.com     ,Kevan           ,Menhenitt
705  ,creisensteinjk@europa.eu            ,Carey           ,Reisenstein
706  ,rhurnejl@hugedomains.com            ,Reed            ,Hurne
707  ,horteauxjm@meetup.com               ,Heidi           ,Orteaux
708  ,jlervenjn@intel.com                 ,Jorrie          ,Lerven
709  ,lbroomjo@nih.gov                    ,Loree           ,Broom
710  ,cdurmanjp@boston.com                ,Cyndia          ,Durman
711  ,vsouthousejq@ovh.net                ,Verile          ,Southouse
712  ,mplaxtonjr@4shared.com              ,Myron           ,Plaxton
713  ,rvaninijs@blinklist.com             ,Rene            ,Vanini
714  ,gmurrayjt@vk.com                    ,Giacinta        ,Murray
715  ,kgoomju@macromedia.com              ,Korrie          ,Goom
716  ,gduignanjv@vkontakte.ru             ,Georgetta       ,Duignan
717  ,ebaggianijw@edublogs.org            ,Emmeline        ,Baggiani
718  ,tarchbaldjx@epa.gov                 ,Tamiko          ,Archbald
719  ,kyuilljy@goo.gl                     ,Kelsy           ,Yuill
720  ,ajosephsonjz@phpbb.com              ,Aline           ,Josephson
721  ,rgormleyk0@patch.com                ,Reginauld       ,Gormley
722  ,cboguek1@alibaba.com                ,Christal        ,Bogue
723  ,gkliementk2@vinaora.com             ,Grethel         ,Kliement
724  ,navrashink3@paginegialle.it         ,Nadine          ,Avrashin
725  ,mbenardk4@icq.com                   ,Magdalena       ,Benard
726  ,wbrigstockk5@goodreads.com          ,Winny           ,Brigstock
727  ,tchaffynk6@skyrock.com              ,Teriann         ,Chaffyn
728  ,fdelafontk7@who.int                 ,Florian         ,Delafont
729  ,srichardsk8@nydailynews.com         ,Salim           ,Richards
730  ,kfernaok9@imgur.com                 ,Kimberly        ,Fernao
731  ,bwitcherka@goo.ne.jp                ,Benetta         ,Witcher
732  ,bhelleckaskb@google.nl              ,Bridgette       ,Helleckas
733  ,bravillaskc@va.gov                  ,Bailie          ,Ravillas
734  ,mlochetkd@nytimes.com               ,Melina          ,Lochet
735  ,rquestedke@github.com               ,Redd            ,Quested
736  ,wkelshawkf@deliciousdays.com        ,William         ,Kelshaw
737  ,fhowgatekg@washington.edu           ,Florentia       ,Howgate
738  ,tfearickkh@shareasale.com           ,Talya           ,Fearick
739  ,mdegogayki@friendfeed.com           ,Muriel          ,De Gogay
740  ,sovettkj@behance.net                ,Stepha          ,Ovett
741  ,eleaveskk@sogou.com                 ,Erny            ,Leaves
742  ,esummerliekl@imgur.com              ,Emlyn           ,Summerlie
743  ,hscibseykm@bbb.org                  ,Hussein         ,Scibsey
744  ,aralestonkn@ihg.com                 ,Angeli          ,Raleston
745  ,lmalacridako@techcrunch.com         ,Lay             ,Malacrida
746  ,mwilkennsonkp@sakura.ne.jp          ,Myrtie          ,Wilkennson
747  ,belveskq@mapquest.com               ,Beulah          ,Elves
748  ,vallcottkr@spotify.com              ,Vonny           ,Allcott
749  ,cfildeks@hubpages.com               ,Cortney         ,Filde
750  ,gliverkt@google.com.br              ,Gerald          ,Liver
751  ,bsherrardku@admin.ch                ,Breena          ,Sherrard
752  ,phobbertkv@alexa.com                ,Phip            ,Hobbert
753  ,gyeldenkw@unesco.org                ,Grayce          ,Yelden
754  ,akobuskx@sphinn.com                 ,Alessandra      ,Kobus
755  ,hscrimshawky@nps.gov                ,Hedwiga         ,Scrimshaw
756  ,plebondkz@fema.gov                  ,Prudence        ,Lebond
757  ,jtouzeyl0@deliciousdays.com         ,Josie           ,Touzey
758  ,jfonel1@edublogs.org                ,Javier          ,Fone
759  ,scorneckl2@deviantart.com           ,Shepherd        ,Corneck
760  ,jheapl3@usnews.com                  ,Jolene          ,Heap
761  ,gdurnfordl4@diigo.com               ,Gaynor          ,Durnford
762  ,ibrownettl5@unicef.org              ,Israel          ,Brownett
763  ,nvelasquezl6@sina.com.cn            ,Noami           ,Velasquez
764  ,dbrittlebankl7@yale.edu             ,Daile           ,Brittlebank
765  ,wbollandl8@ted.com                  ,Wye             ,Bolland
766  ,rriddifordl9@weibo.com              ,Rena            ,Riddiford
767  ,ogiovannettila@reuters.com          ,Olly            ,Giovannetti
768  ,tohmlb@behance.net                  ,Titos           ,Ohm
769  ,kfaulllc@vk.com                     ,Kellen          ,Faull
770  ,kmarklowld@state.gov                ,Kendell         ,Marklow
771  ,cborleasele@boston.com              ,Carmel          ,Borlease
772  ,sandryslf@macromedia.com            ,Sophi           ,Andrys
773  ,aalfonzolg@google.pl                ,Anastasia       ,Alfonzo
774  ,gshipmanlh@shutterfly.com           ,Guthry          ,Shipman
775  ,tfindenli@yellowpages.com           ,Tallia          ,Finden
776  ,splaicelj@miibeian.gov.cn           ,Sheeree         ,Plaice
777  ,mdianolk@mapy.cz                    ,Marin           ,Diano
778  ,kfaloonll@businesswire.com          ,Kevon           ,Faloon
779  ,roosthoutdevreelm@omniture.com      ,Rory            ,Oosthout de Vree
780  ,ddessonln@sohu.com                  ,Daryle          ,Desson
781  ,wimlawlo@nih.gov                    ,Wald            ,Imlaw
782  ,pguilletonlp@slideshare.net         ,Padget          ,Guilleton
783  ,psimonittolq@psu.edu                ,Pooh            ,Simonitto
784  ,kfreckeltonlr@businesswire.com      ,Katey           ,Freckelton
785  ,ljoplinls@discovery.com             ,Laetitia        ,Joplin
786  ,hparlotlt@ow.ly                     ,Harley          ,Parlot
787  ,lassirattilu@unblog.fr              ,Lorrie          ,Assiratti
788  ,mdewildelv@toplist.cz               ,Marilin         ,de Wilde
789  ,dkharchinskilw@newsvine.com         ,Dov             ,Kharchinski
790  ,ccrawshaylx@constantcontact.com     ,Clari           ,Crawshay
791  ,jsaphirly@buzzfeed.com              ,Janot           ,Saphir
792  ,ndobrowolnylz@chronoengine.com      ,Natividad       ,Dobrowolny
793  ,nnaveinm0@yandex.ru                 ,Nollie          ,Navein
794  ,lmacardlem1@gizmodo.com             ,Laina           ,MacArdle
795  ,skubatm2@deliciousdays.com          ,Sammy           ,Kubat
796  ,dwettonm3@businesswire.com          ,Dorthy          ,Wetton
797  ,ltrillom4@dailymotion.com           ,Lyndy           ,Trillo
798  ,rcayserm5@ehow.com                  ,Regan           ,Cayser
799  ,ehubboldm6@behance.net              ,Elisha          ,Hubbold
800  ,lstegglesm7@so-net.ne.jp            ,Luella          ,Steggles
801  ,asarrem8@netvibes.com               ,Astrix          ,Sarre
802  ,sgleavem9@tmall.com                 ,Shoshanna       ,Gleave
803  ,civanyukovma@miibeian.gov.cn        ,Cynde           ,Ivanyukov
804  ,rfantinimb@berkeley.edu             ,Raymund         ,Fantini
805  ,tpepperrallmc@hibu.com              ,Tyson           ,Pepperrall
806  ,mklinemd@biblegateway.com           ,Marcia          ,Kline
807  ,aazemarme@reuters.com               ,Abby            ,Azemar
808  ,dnowermf@accuweather.com            ,Deanna          ,Nower
809  ,bdyshartmg@ted.com                  ,Boony           ,Dyshart
810  ,hboninmh@scientificamerican.com     ,Helene          ,Bonin
811  ,rbeestonmi@omniture.com             ,Rubina          ,Beeston
812  ,cratiemj@mail.ru                    ,Crichton        ,Ratie
813  ,vwaddiemk@angelfire.com             ,Vere            ,Waddie
814  ,mcavalierml@independent.co.uk       ,Malchy          ,Cavalier
815  ,jcattellmm@cloudflare.com           ,Jillana         ,Cattell
816  ,tkolakowskimn@zimbio.com            ,Thorpe          ,Kolakowski
817  ,dgarciamo@geocities.jp              ,Dido            ,Garcia
818  ,cburnsidemp@ft.com                  ,Chere           ,Burnside
819  ,ydaubermq@clickbank.net             ,Yvonne          ,Dauber
820  ,dhawksbymr@ow.ly                    ,Donall          ,Hawksby
821  ,emathersms@umich.edu                ,Elwin           ,Mathers
822  ,cluffmt@sbwire.com                  ,Chelsey         ,Luff
823  ,akillwickmu@reverbnation.com        ,Allianora       ,Killwick
824  ,tsidemv@ocn.ne.jp                   ,Travers         ,Side
825  ,gpawelskimw@state.gov               ,Gino            ,Pawelski
826  ,dguyotmx@a8.net                     ,Devina          ,Guyot
827  ,btollidaymy@illinois.edu            ,Bree            ,Tolliday
828  ,sigonetmz@amazonaws.com             ,Suzie           ,Igonet
829  ,bsmithymann0@1688.com               ,Buddie          ,Smithyman
830  ,kguyn1@elegantthemes.com            ,Kiley           ,Guy
831  ,emelchiorn2@fda.gov                 ,Ellerey         ,Melchior
832  ,cbraundtn3@baidu.com                ,Christiane      ,Braundt
833  ,vguittn4@ihg.com                    ,Valentijn       ,Guitt
834  ,mkonzelmannn5@vkontakte.ru          ,Muhammad        ,Konzelmann
835  ,apettefordn6@livejournal.com        ,Annabela        ,Petteford
836  ,bfirminn7@google.nl                 ,Bartholemy      ,Firmin
837  ,hnewburyn8@eventbrite.com           ,Hedwiga         ,Newbury
838  ,lmarkwickn9@fc2.com                 ,Lynsey          ,Markwick
839  ,skerbeyna@intel.com                 ,Saxon           ,Kerbey
840  ,adavidsnb@freewebs.com              ,Alleyn          ,Davids
841  ,ltrumpnc@4shared.com                ,Lanette         ,Trump
842  ,hlowrancend@com.com                 ,Hurleigh        ,Lowrance
843  ,khallickne@domainmarket.com         ,Kristyn         ,Hallick
844  ,spaweleknf@youtu.be                 ,Sydel           ,Pawelek
845  ,mjovicicng@pbs.org                  ,Marigold        ,Jovicic
846  ,gpapworthnh@aol.com                 ,Gale            ,Papworth
847  ,pmifflinni@acquirethisname.com      ,Peg             ,Mifflin
848  ,bkaynj@rambler.ru                   ,Barry           ,Kay
849  ,jwhiskerdnk@discovery.com           ,Janella         ,Whiskerd
850  ,hsphinxenl@alexa.com                ,Hermine         ,Sphinxe
851  ,battonm@ucsd.edu                    ,Berkeley        ,Atto
852  ,tburnelnn@yandex.ru                 ,Trula           ,Burnel
853  ,lpoateno@ask.com                    ,Lorry           ,Poate
854  ,mrowlingsnp@4shared.com             ,Mike            ,Rowlings
855  ,bskermernq@istockphoto.com          ,Bibby           ,Skermer
856  ,lfairneynr@devhub.com               ,Laughton        ,Fairney
857  ,tmarquandns@eventbrite.com          ,Tiffani         ,Marquand
858  ,kgajowniknt@shutterfly.com          ,Kippar          ,Gajownik
859  ,ngisburnenu@fc2.com                 ,Northrop        ,Gisburne
860  ,fbrasiernv@a8.net                   ,Francklyn       ,Brasier
861  ,dvoelkernw@yahoo.co.jp              ,Dimitri         ,Voelker
862  ,dspickettnx@flickr.com              ,Dickie          ,Spickett
863  ,rhelversenny@slashdot.org           ,Romeo           ,Helversen
864  ,hyarrantonnz@reference.com          ,Hyacinthe       ,Yarranton
865  ,sbargeryo0@wikipedia.org            ,Susana          ,Bargery
866  ,akoppo1@hubpages.com                ,Arvin           ,Kopp
867  ,jhairsnapeo2@technorati.com         ,Joell           ,Hairsnape
868  ,iborlando3@yelp.com                 ,Isahella        ,Borland
869  ,nkornackio4@usnews.com              ,Nevile          ,Kornacki
870  ,llimpkino5@google.es                ,Lombard         ,Limpkin
871  ,wburberyeo6@blogger.com             ,Wendye          ,Burberye
872  ,mdoblino7@answers.com               ,Moises          ,Doblin
873  ,elargeno8@nyu.edu                   ,Elwin           ,Largen
874  ,twinghamo9@sina.com.cn              ,Tucker          ,Wingham
875  ,trallinoa@dagondesign.com           ,Thedric         ,Rallin
876  ,kbaishob@i2i.jp                     ,Kynthia         ,Baish
877  ,cklishinoc@samsung.com              ,Clarey          ,Klishin
878  ,tcorrisonod@mit.edu                 ,Tracy           ,Corrison
879  ,pcaudrayoe@wikimedia.org            ,Patty           ,Caudray
880  ,colijveof@wix.com                   ,Chaunce         ,Olijve
881  ,omessagerog@npr.org                 ,Olivie          ,Messager
882  ,bbeeckoh@t-online.de                ,Blake           ,Beeck
883  ,vwalthalloi@ehow.com                ,Viviene         ,Walthall
884  ,ssanctooj@purevolume.com            ,Solly           ,Sancto
885  ,tjulyanok@youku.com                 ,Tandi           ,Julyan
886  ,blevensol@nba.com                   ,Bruno           ,Levens
887  ,bbattrumom@samsung.com              ,Bibi            ,Battrum
888  ,amarpleson@pen.io                   ,Abraham         ,Marples
889  ,sdurkinoo@foxnews.com               ,Simonette       ,Durkin
890  ,aovizeop@geocities.com              ,Aharon          ,Ovize
891  ,acolbourneoq@artisteer.com          ,Anthia          ,Colbourne
892  ,cwebsteror@fda.gov                  ,Charo           ,Webster
893  ,dhickissonos@mysql.com              ,Denney          ,Hickisson
894  ,jbetoniaot@printfriendly.com        ,Jaimie          ,Betonia
895  ,lcoardou@mit.edu                    ,Lucia           ,Coard
896  ,gosmanov@fastcompany.com            ,Greer           ,Osman
897  ,lwilbyow@slideshare.net             ,Lyon            ,Wilby
898  ,ggellierox@amazon.co.jp             ,Glendon         ,Gellier
899  ,mcorbertoy@devhub.com               ,Mala            ,Corbert
900  ,bprieloz@miibeian.gov.cn            ,Brandy          ,Priel
901  ,rphonixp0@vinaora.com               ,Rikki           ,Phonix
902  ,dposnettp1@blogtalkradio.com        ,Donalt          ,Posnett
903  ,wcloonanp2@prnewswire.com           ,Wally           ,Cloonan
904  ,pgillicep3@ocn.ne.jp                ,Parke           ,Gillice
905  ,kwharfp4@opera.com                  ,Karry           ,Wharf
906  ,hcushworthp5@senate.gov             ,Hort            ,Cushworth
907  ,keggletonp6@biglobe.ne.jp           ,Knox            ,Eggleton
908  ,soguzp7@fotki.com                   ,Salli           ,Oguz
909  ,clarensonp8@bloglines.com           ,Cosme           ,Larenson
910  ,alibermorep9@bloomberg.com          ,Abdel           ,Libermore
911  ,blewispa@unblog.fr                  ,Betteann        ,Lewis
912  ,sjoslowpb@posterous.com             ,Sharline        ,Joslow
913  ,acasinipc@ucoz.ru                   ,Anthia          ,Casini
914  ,smothpd@ed.gov                      ,Sada            ,Moth
915  ,ahuntallpe@sohu.com                 ,Alys            ,Huntall
916  ,sglisenanpf@ed.gov                  ,Sena            ,Glisenan
917  ,lbuypg@hao123.com                   ,Lindsay         ,Buy
918  ,greinbeckph@vistaprint.com          ,Grady           ,Reinbeck
919  ,mmccriskenpi@delicious.com          ,Martin          ,McCrisken
920  ,tsidebottompj@miibeian.gov.cn       ,Theresina       ,Sidebottom
921  ,mmcturkpk@chronoengine.com          ,Maitilde        ,McTurk
922  ,rsilcoxpl@cmu.edu                   ,Ritchie         ,Silcox
923  ,nortespm@parallels.com              ,Nickey          ,Ortes
924  ,vengledowpn@mysql.com               ,Vick            ,Engledow
925  ,bsimunekpo@usnews.com               ,Baldwin         ,Simunek
926  ,awillgrasspp@google.pl              ,Amye            ,Willgrass
927  ,showerdpq@tumblr.com                ,Silvain         ,Howerd
928  ,epotteridgepr@g.co                  ,Emmie           ,Potteridge
929  ,ccowoppeps@google.com               ,Catie           ,Cowoppe
930  ,achantlerpt@csmonitor.com           ,Adlai           ,Chantler
931  ,neffordpu@fema.gov                  ,Nikoletta       ,Efford
932  ,nsomerledpv@usatoday.com            ,Nevin           ,Somerled
933  ,dbarnardpw@prlog.org                ,Dix             ,Barnard
934  ,ogoldpx@pen.io                      ,Otho            ,Gold
935  ,lparidgepy@bravesites.com           ,Luce            ,Paridge
936  ,jduffillpz@wunderground.com         ,Justin          ,Duffill
937  ,vtwitchingq0@jiathis.com            ,Valida          ,Twitching
938  ,cwestcarq1@bbc.co.uk                ,Christalle      ,Westcar
939  ,dclaibournq2@earthlink.net          ,Delainey        ,Claibourn
940  ,ppudanq3@seesaa.net                 ,Pancho          ,Pudan
941  ,oschlagtmansq4@zdnet.com            ,Oliviero        ,Schlagtmans
942  ,thurcheq5@netlog.com                ,Tracie          ,Hurche
943  ,jdeakesq6@thetimes.co.uk            ,Jacky           ,Deakes
944  ,lberzinsq7@bbc.co.uk                ,Lorry           ,Berzins
945  ,claxenq8@cyberchimps.com            ,Christine       ,Laxen
946  ,ghazelq9@unicef.org                 ,Gregoor         ,Hazel
947  ,cdixceyqa@seattletimes.com          ,Costa           ,Dixcey
948  ,mcourageqb@whitehouse.gov           ,Merrill         ,Courage
949  ,emazzeyqc@tmall.com                 ,Elke            ,Mazzey
950  ,egrealeyqd@cornell.edu              ,Emanuel         ,Grealey
951  ,dcatheeqe@netvibes.com              ,Deni            ,Cathee
952  ,bberthonqf@ameblo.jp                ,Blondell        ,Berthon
953  ,cwhilderqg@dedecms.com              ,Corty           ,Whilder
954  ,ewattamqh@dagondesign.com           ,Edna            ,Wattam
955  ,tnewbornqi@51.la                    ,Tammara         ,Newborn
956  ,bhotsonqj@etsy.com                  ,Bobbee          ,Hotson
957  ,tmorebyqk@tumblr.com                ,Tatum           ,Moreby
958  ,dscallonql@wp.com                   ,Debby           ,Scallon
959  ,lpoutressqm@vk.com                  ,Logan           ,Poutress
960  ,tchessonqn@marketwatch.com          ,Torrin          ,Chesson
961  ,umacgaheyqo@ebay.co.uk              ,Urbano          ,MacGahey
962  ,jtohillqp@dailymotion.com           ,Julee           ,Tohill
963  ,gsaichqq@virginia.edu               ,Gustie          ,Saich
964  ,rjeckellqr@google.de                ,Rabbi           ,Jeckell
965  ,dwernherqs@jalbum.net               ,Delinda         ,Wernher
966  ,atabbernorqt@utexas.edu             ,Andrey          ,Tabbernor
967  ,mbrognotqu@answers.com              ,Maribelle       ,Brognot
968  ,chuscroftqv@ox.ac.uk                ,Clara           ,Huscroft
969  ,mcashenqw@cnet.com                  ,Marion          ,Cashen
970  ,hneesamqx@fotki.com                 ,Hallsy          ,Neesam
971  ,dbalazsqy@hc360.com                 ,Dolli           ,Balazs
972  ,jbuddleighqz@ftc.gov                ,Janith          ,Buddleigh
973  ,ldranfieldr0@kickstarter.com        ,Loise           ,Dranfield
974  ,dstoryr1@cnet.com                   ,Dannye          ,Story
975  ,ttombsr2@webnode.com                ,Trevor          ,Tombs
976  ,teckartr3@bluehost.com              ,Thibaut         ,Eckart
977  ,shaugerr4@shinystat.com             ,Sandor          ,Hauger
978  ,vpentonyr5@google.nl                ,Vannie          ,Pentony
979  ,cmcellenr6@google.cn                ,Cassandry       ,McEllen
980  ,hbohlingolsenr7@shop-pro.jp         ,Hobart          ,BoHlingolsen
981  ,bzuppar8@quantcast.com              ,Binni           ,Zuppa
982  ,rflewinr9@tmall.com                 ,Rip             ,Flewin
983  ,kgilcristra@statcounter.com         ,Konstantin      ,Gilcrist
984  ,singlesentrb@house.gov              ,Sophronia       ,Inglesent
985  ,mpfefflerc@house.gov                ,Maiga           ,Pfeffle
986  ,srosettird@4shared.com              ,Skippie         ,Rosetti
987  ,ftomaszre@thetimes.co.uk            ,Felix           ,Tomasz
988  ,sdowntonrf@cbc.ca                   ,Skippy          ,Downton
989  ,abeddorg@networkadvertising.org     ,Ashley          ,Beddo
990  ,glafflinarh@flickr.com              ,Gabe            ,Lafflina
991  ,jstrowlgerri@dailymail.co.uk        ,Jourdan         ,Strowlger
992  ,npoelrj@jimdo.com                   ,Nevil           ,Poel
993  ,tmillershiprk@latimes.com           ,Timothea        ,Millership
994  ,ascrivenerrl@nationalgeographic.com ,Annaliese       ,Scrivener
995  ,ksutherdenrm@mapy.cz                ,Kaiser          ,Sutherden
996  ,msemorrn@pinterest.com              ,Malcolm         ,Semor
997  ,tbroughtonro@ox.ac.uk               ,Tailor          ,Broughton
998  ,eveldmanrp@cbc.ca                   ,Emmalyn         ,Veldman
999  ,lbissekerrq@google.co.uk            ,Libbi           ,Bisseker
1000 ,abortolottirr@google.pl             ,Amelia          ,Bortolotti
